Zip,First city,First county,First Region,Avg Monthly Wholesales in period,Avg Monthly Retail Sales in Period 2,Population,Per Capita Retail Sales,Total Sales,MedianAge,HouseHolder15to24,HouseHolder25to34,HouseHolder35to44,HouseHolder45to54,HouseHolder55to59,HouseHolder60to64,HouseHolder65to74,HouseHolder75to84,Households,HouseHolder85over,Households2Person,Households3Person,Households4Person,Households5Person,Households6Person,Households7PlusPerson,HouseholdsWith60Plus,HouseholdsWith75Plus,HusbandWifeHouseholds,MedianAgeFemale,MedianAgeMale,NonFamilyHouseholds,PopulationAmerindian,PopulationFemale,PopulationMale,PopulationRaceAsian,PopulationRaceBlack,PopulationRaceLatino,PopulationRaceMulti,PopulationRaceOther,PopulationRacePacific,PopulationRaceWhite,SingleFatherHousehold,SingleMotherHousehold,Total Units,Total Wholesale Price,PPs,Retailers
,Burlington,"",405 Corridor,$17486,$22069.00,,,$441380,,,,,,,,,,,,,,,,,,,,,,,,,,,,,,,,,,,,53464,$349720,101,1
98002,Auburn,King,Greater Tacoma,$393430,$645001.52,31647,$12.43,$23220055,34.8,653,2257,2234,2614,1094,946,1311,864,12495,222,6842,2679,1550,765,352,301,3998,1538,4665,35.9,33.7,5058,0.021708219,16083,15564,0.04313205,0.049704553,0.177078396,0.042531678,0.00088476,0.024457295,0.640503049,841,1931,2145809,$14163491,276,4
98003,Federal Way,King,Greater Tacoma,,,44151,,,34.7,1041,3199,3214,3619,1530,1277,1660,924,17250,332,9504,3579,2121,1096,515,429,5285,1969,6863,36.5,32.8,6777,0.007700845,22808,21343,0.125365224,0.104595592,0.18264592,0.050236688,0.002332903,0.030984576,0.496138253,1042,2568,,,,4
98004,Bellevue,King,405 Corridor,$391726,$604033.69,27946,$14.02,$22953280,39.6,771,2838,2427,2356,972,930,1327,1124,13320,416,8843,2434,1406,485,118,34,4228,1835,5946,41.4,37.7,6245,0.002361698,14052,13894,0.212051814,0.019287197,0.043297789,0.031059901,0.003005797,0.001252415,0.687683389,352,777,1692601,$14885594,146,3
98005,Bellevue,King,405 Corridor,$181822,$285412.32,17714,$10.26,$10274843,38.1,338,1596,1381,1517,657,564,800,556,7539,138,4439,1595,992,333,115,64,2275,788,3800,39.9,36.2,2958,0.002314553,8784,8930,0.256971887,0.02303263,0.068476911,0.032234391,0.003500056,0.00112905,0.612340522,248,533,727519,$6545592,173,5
98006,Bellevue,King,405 Corridor,$152588,$210124.58,36364,$4.20,$1260747,42.4,266,1239,2521,3775,1513,1255,1548,1178,13288,252,6429,2955,2659,899,245,100,4534,1423,8877,43.5,41.2,2940,0.00203498,18369,17995,0.300626994,0.01597734,0.03396216,0.037922121,0.002584974,0.002117479,0.604773952,429,1042,101734,$915530,42,1
98007,Bellevue,King,405 Corridor,$99291,$149720.58,24889,$3.99,$1347485,32,674,3207,1836,1576,651,573,808,590,10315,208,5613,2556,1306,489,219,125,2663,1118,4802,33.2,31.2,4143,0.003535699,12063,12826,0.357788581,0.030053437,0.134557435,0.033348065,0.002611595,0.002049098,0.436056089,414,956,143291,$893615,59,1
98012,Bothell,King,405 Corridor,$277734,$484280.09,51136,$5.43,$18886923,35.9,732,3725,4440,4440,1875,1445,1557,810,19448,250,9699,4541,3329,1215,455,207,4919,1479,11191,36.5,35.3,5756,0.004830257,25940,25196,0.166262516,0.018401909,0.071632509,0.038035826,0.001994681,0.003383135,0.695459168,796,1705,1427817,$10831611,278,5
98020,Edmonds,Snohomish,Seattle,,,18304,,,50.1,138,601,1010,1632,926,911,1327,1068,8247,370,5473,1402,917,323,91,40,4161,1842,4322,51.8,48.1,3098,0.005791084,9771,8533,0.051464161,0.012073864,0.031960227,0.025950612,0.00152972,0.001802885,0.869427448,239,588,,,,1
98021,Bothell,King,405 Corridor,$86472,$120721.45,26722,$3.24,$1810822,38.2,226,1540,2261,2383,1046,816,951,608,10006,192,4984,2272,1771,645,223,109,2899,947,6139,38.9,37.4,2756,0.004977172,13531,13191,0.144787067,0.013472046,0.051605419,0.036299678,0.001534316,0.001571739,0.745752563,372,739,182613,$1297079,102,1
98026,Edmonds,Snohomish,Seattle,$171127,$243336.57,35921,$4.76,$4380058,42.5,396,1773,2467,3508,1749,1448,1726,1046,14373,312,7965,3204,2058,728,249,164,4992,1548,7483,43.7,41.2,4803,0.006848362,18504,17417,0.095877064,0.030400045,0.063361265,0.041535592,0.00197656,0.004231508,0.755769606,614,1473,480219,$3080280,222,4
98027,Issaquah,King,405 Corridor,$240666,$413437.45,26141,$9.21,$14056873,41.1,209,1418,2214,2611,1214,926,1059,654,10454,180,5839,2274,1570,515,164,91,3160,945,6022,41.9,40.3,3317,0.004093187,13356,12785,0.096515053,0.011131938,0.053670479,0.029646915,0.002256991,0.001491909,0.801193527,316,799,1131122,$8182650,112,2
98028,Kenmore,King,405 Corridor,$61554,$99095.78,20419,$3.01,$2873778,39.6,206,1154,1634,1861,861,724,792,548,7981,174,4149,1853,1323,420,145,89,2504,868,4410,40.5,38.5,2495,0.00367305,10299,10120,0.104510505,0.016014496,0.070228709,0.038395612,0.002791518,0.002742544,0.761643567,348,728,261789,$1785058,70,1
98030,Kent,King,Greater Tacoma,,,33769,,,32.4,571,2432,2518,2779,1010,799,860,478,11900,168,5647,2592,1779,982,499,393,3174,1126,5382,33.6,31.1,3906,0.005863366,16937,16832,0.171607095,0.120287838,0.136752643,0.049927448,0.003109361,0.01291125,0.499540999,774,1838,,,,1
98032,Kent,King,Greater Tacoma,,,33853,,,32.7,878,2995,2659,2767,1158,970,1117,476,13393,122,7438,2885,1538,802,396,328,3380,981,4861,33.3,32,5841,0.009570791,16663,17190,0.115735681,0.108734824,0.229787611,0.046288364,0.002599474,0.029244085,0.458039169,846,1845,,,,3
98033,Kirkland,King,405 Corridor,$54830,$84878.73,34338,$1.60,$1273181,39.3,493,2779,3228,3390,1452,1265,1404,776,15249,276,9302,3250,1877,597,144,73,4310,1409,7263,40.2,38.3,6459,0.002912226,17561,16777,0.10408294,0.01278467,0.048546799,0.036373697,0.002853981,0.00232978,0.790115907,489,1038,134961,$822448,69,2
98034,Kirkland,King,405 Corridor,$328257,$525266.24,40407,$8.12,$18909584,36.4,735,3675,3511,3516,1531,1337,1527,752,16891,170,9449,3951,2274,797,254,160,4406,1258,7893,38.1,34.9,6752,0.003588487,20390,20017,0.12614151,0.019006608,0.088153043,0.039968322,0.005815824,0.002499567,0.714826639,719,1527,1656590,$11817251,189,3
98036,Lynnwood,Snohomish,Seattle,$59859,$87692.02,36000,$1.66,$2806145,36.7,600,2252,2634,3169,1420,1128,1260,750,13643,186,6832,3105,2213,940,322,228,4094,1392,6794,38,35.6,4668,0.007944444,18161,17839,0.146027778,0.042777778,0.108055556,0.039583333,0.002027778,0.005888889,0.647694444,722,1459,247437,$1915498,96,4
98037,Lynnwood,Snohomish,Seattle,,,26889,,,37.2,461,1677,1990,2255,1008,822,1010,584,10112,164,5146,2185,1589,689,298,200,3195,1082,4840,38.8,35.5,3477,0.007772695,13741,13148,0.197181003,0.045371713,0.094611179,0.043995686,0.002194206,0.004946261,0.603927256,547,1248,,,,2
98038,Maple Valley,King,Greater Tacoma,$164446,$224613.88,31171,$5.28,$3593822,36.8,150,1495,2783,3001,1066,779,959,526,10854,130,4813,2439,2249,898,310,145,2728,787,7270,37.1,36.4,2238,0.005421706,15597,15574,0.037534888,0.017516281,0.052228032,0.03817651,0.001796542,0.003111867,0.844214173,442,904,391376,$2631137,122,2
98042,Covington,King,Greater Tacoma,$187740,$277353.37,43673,$4.30,$8875308,38,273,1946,3130,4288,1745,1273,1536,784,15097,154,6855,3385,2745,1244,551,315,4369,1181,9574,38.7,37.3,3277,0.006640258,21871,21802,0.087170563,0.038009754,0.080255535,0.043734115,0.001900488,0.005312207,0.73697708,751,1495,753637,$6007669,159,3
98043,Mountlake Terrace,Snohomish,Seattle,$116447,$171765.55,19943,$5.84,$3607077,36.6,357,1605,1584,1864,804,643,668,470,8205,138,4427,2008,1078,406,172,113,2280,816,3384,38.2,35,3304,0.009477009,10201,9742,0.11021411,0.041668756,0.105300105,0.051246051,0.001855288,0.007722008,0.672516673,465,1052,352718,$2445390,176,2
98050,Preston,"",405 Corridor,,,322,,,46.3,0,5,20,44,14,21,10,4,117,0,52,31,25,7,2,0,41,4,88,47.5,44.8,22,0,148,174,0,0,0.01863354,0.01552795,0,0,0.965838509,5,2,,,,1
98052,Redmond,King,405 Corridor,$79226,$129183.27,58442,$1.36,$1162649,34.5,1152,6135,5642,4488,1718,1550,1670,910,24008,304,13256,5357,3718,1135,338,191,5524,1869,12739,35.7,33.4,8856,0.002515314,28732,29710,0.241401732,0.015468328,0.074963211,0.032784641,0.005150406,0.001539988,0.62617638,791,1622,116425,$713034,72,4
98056,Renton,King,405 Corridor,$160287,$260122.49,32489,$4.93,$8063797,35.9,603,2606,2908,2822,1134,893,1123,622,12964,170,6962,2913,1791,763,315,214,3405,1046,5858,36.2,35.7,5006,0.00433993,16357,16132,0.193111515,0.070239158,0.145926314,0.04466127,0.002154575,0.004432269,0.535134969,702,1398,658635,$4968902,125,1
98057,Renton,King,405 Corridor,$286612,$474763.85,10613,$27.01,$14717679,37.6,272,1032,982,943,452,382,463,202,5127,82,3356,972,442,203,95,56,1579,659,1341,37.9,37.2,2949,0.008197494,5286,5327,0.158861773,0.187882785,0.130688778,0.044473759,0.001319137,0.007820597,0.460755677,250,587,1325908,$8884964,236,6
98070,Vashon,"",Seattle,,,10624,,,50.2,49,231,621,1129,731,648,692,386,4606,126,2806,985,548,181,54,31,2048,568,2364,50.8,49.4,1706,0.004518072,5474,5150,0.016189759,0.007624247,0.040850904,0.028520331,0.002353163,0.000470633,0.899472892,153,383,,,,2
98072,Woodinville,King,405 Corridor,$64183,$93294.76,22312,$2.88,$2612253,40.8,177,988,1740,2235,1008,823,798,364,8434,128,4277,1858,1486,544,179,90,2581,777,5215,41.9,39.5,2331,0.00376479,11197,11115,0.085021513,0.009680889,0.055530656,0.032000717,0.003002868,0.0016583,0.809340265,269,619,221587,$1797120,95,2
98087,Lynnwood,Snohomish,Seattle,$244941,$390200.07,29976,$8.17,$12096202,32.6,809,2837,2545,2353,985,779,749,300,11546,82,5654,2933,1724,751,281,202,2533,673,5327,33.2,31.9,4203,0.006638644,14926,15050,0.200593808,0.054143315,0.113090472,0.045970109,0.001868161,0.007272485,0.570423005,711,1305,1174871,$7593171,323,6
98092,Auburn,King,Greater Tacoma,$4194,$5536.03,39816,$0.11,$27680,35.1,821,2211,2833,3555,1422,1195,1283,754,14129,172,6671,3148,2336,1107,500,362,3840,1033,7909,36.1,34,3946,0.038024915,20060,19756,0.101290938,0.038075146,0.081851517,0.041239703,0.001682741,0.007434197,0.690400844,722,1552,4581,$20968,14,1
98103,Seattle,King,Seattle,$431243,$698398.78,45911,$9.39,$25840755,34.4,1410,7170,5105,3365,1864,1456,1167,450,22724,268,13670,5827,2260,668,196,84,4193,1304,7169,34.3,34.4,13758,0.004813661,23244,22667,0.074622639,0.023523774,0.05048899,0.042582388,0.002875128,0.001524689,0.799568731,597,1200,2285299,$15955988,301,10
98105,Seattle,King,Seattle,$98199,$158924.75,43924,$2.24,$4608818,23.1,4734,3635,2244,1757,988,830,885,482,15939,234,8925,3663,1931,809,269,163,2795,944,4495,22.8,23.5,10304,0.003551589,21730,22194,0.185137966,0.020239505,0.047308988,0.051452509,0.002413259,0.002618159,0.687278026,405,735,438741,$2847761,208,2
98106,Seattle,King,Seattle,$164936,$247105.28,22873,$7.21,$7166053,34.5,363,1969,2172,1861,879,630,692,366,9018,84,4570,2317,1159,509,236,222,2126,569,3352,34.9,34.2,3681,0.010798758,11585,11288,0.202247191,0.111878634,0.151576094,0.050452499,0.002404582,0.012634984,0.458007257,551,1434,784461,$4783142,211,7
98107,Seattle,King,Seattle,$150496,$245455.31,21147,$7.12,$6872749,35.5,541,3511,2538,1692,853,725,714,218,11284,134,7313,2798,877,221,47,25,2301,770,3198,35.3,35.6,7225,0.007235069,10725,10422,0.048139216,0.019908261,0.049321417,0.038397881,0.002222537,0.002175249,0.832600369,268,593,628344,$4213897,62,4
98109,Seattle,King,Seattle,$45147,$76258.39,20715,$2.18,$2287752,34.2,1053,4613,2429,1510,711,605,694,336,12419,154,9121,2578,533,135,40,8,2219,837,2756,33.6,34.6,9127,0.006082549,10265,10450,0.080811007,0.039536568,0.05141202,0.037846971,0.00183442,0.002848178,0.779628289,165,371,225715,$1354405,103,1
98110,Bainbridge Island,Kitsap,Olympics,$107472,$172047.55,23025,$4.67,$4989379,47.7,132,500,1431,2339,1338,1248,1425,728,9470,222,5633,1811,1414,442,119,49,4057,1161,5698,48.4,46.8,2859,0.003865364,11898,11127,0.031921824,0.004039088,0.038523344,0.033615635,0.001520087,0.001824104,0.884690554,242,671,383350,$3116701,144,2
98112,Seattle,King,Seattle,$241644,$359723.52,21077,$11.46,$8273641,39.4,472,2142,2050,1769,867,918,1035,492,10139,192,6216,2350,1089,351,92,30,3035,964,3804,39.5,39.3,5547,0.002182474,10768,10309,0.054277174,0.053802723,0.036817384,0.03743417,0.001660578,0.000948902,0.812876595,223,565,921829,$5557823,222,2
98115,Seattle,King,Seattle,,,46206,,,37.6,1011,4189,4241,3800,1925,1730,1634,1084,20456,504,11640,4861,2808,794,231,95,5767,2082,9043,38.3,37,9611,0.003614249,23778,22428,0.095095875,0.019348137,0.042029174,0.043414275,0.002575423,0.001363459,0.792559408,500,1302,,,,1
98116,Seattle,King,Seattle,$125120,$204075.38,22241,$5.63,$2652980,41.9,260,1952,2390,2323,1097,970,1050,498,11104,274,7263,2416,1058,282,61,22,3314,1130,4165,42.9,41.1,5945,0.006114833,11601,10640,0.047210107,0.017984803,0.044467425,0.037992896,0.002068252,0.00179848,0.842363203,275,719,204166,$1626554,73,1
98117,Seattle,King,Seattle,$215698,$344457.07,31365,$6.88,$11367083,39.7,250,2340,3441,2877,1541,1158,1043,568,13667,292,7612,3507,1892,453,134,56,3581,1146,6450,40.2,39.3,5831,0.005770764,16007,15358,0.049290611,0.016005101,0.048971784,0.035134704,0.002359318,0.000988363,0.841479356,407,979,1019560,$7118045,174,3
98118,Seattle,King,Seattle,$72164,$107280.84,42731,$1.69,$1072808,38,364,2127,3350,3156,1686,1402,1644,980,15127,402,7135,3613,2116,1092,568,597,5352,1767,6294,38.8,37.2,5421,0.00432941,21938,20793,0.324237673,0.253797009,0.080503616,0.04767031,0.002246613,0.008284384,0.278930987,923,2489,128855,$721640,85,1
98119,Seattle,King,Seattle,$88039,$145987.01,21039,$4.18,$2773753,33.7,845,3078,2170,1636,793,736,764,284,10682,122,7335,2326,691,233,62,23,2270,697,2939,32.8,34.8,7150,0.005180855,11009,10030,0.06064927,0.022196872,0.049859784,0.03983079,0.001568516,0.001425923,0.819287989,199,394,258290,$1672746,107,1
98121,Seattle,King,Seattle,$461134,$694459.57,12628,$36.52,$13889191,34.8,951,3084,1560,1256,547,497,474,130,8668,32,7354,1222,80,10,2,0,1327,316,1272,33.6,35.8,7189,0.010057016,5581,7047,0.141748495,0.067469116,0.063984796,0.038961039,0.001900538,0.003484321,0.672394678,76,131,1489519,$9222677,167,2
98122,Seattle,King,Seattle,$541475,$871748.50,31454,$17.21,$33126443,32.1,1939,4903,3325,2196,889,808,888,402,15717,178,9996,3909,1128,412,157,100,2663,836,2963,30.9,33,11260,0.00750302,15022,16432,0.095281999,0.165956635,0.074648693,0.050359255,0.002543397,0.003370001,0.600337,355,1139,2900093,$20576044,229,2
98125,Seattle,King,Seattle,$284618,$460740.95,37081,$7.68,$17047415,37.7,1201,3523,3039,3083,1641,1363,1436,884,17169,384,10518,3849,1798,593,249,146,5183,2069,6095,39.1,36.3,8817,0.007604973,18897,18184,0.150454411,0.075321593,0.081173647,0.048434508,0.002723767,0.004908174,0.629378927,687,1570,1572617,$10530869,281,6
98133,Seattle,King,Seattle,$431934,$652465.95,44555,$9.69,$23488774,39.2,1232,3658,3491,3810,1874,1619,1918,1118,20180,572,12406,4357,2106,758,322,209,6742,2808,7070,41,37.3,10380,0.009000112,22942,21613,0.157849849,0.066995848,0.079407474,0.046347211,0.002738189,0.004354169,0.633307148,858,1872,1979217,$15549636,353,9
98134,Seattle,King,Seattle,$604702,$943109.69,644,$938.98,$37724388,43.1,9,48,42,38,15,17,16,2,205,4,151,43,11,0,0,0,57,22,18,40.3,44.1,162,0.051242236,213,431,0.158385093,0.152173913,0.065217391,0.040372671,0.00621118,0.00621118,0.520186335,5,20,3151432,$24188077,388,12
98136,Seattle,King,Seattle,$49475,$76640.95,14770,$3.35,$919691,42.8,136,1051,1511,1593,753,662,634,354,7069,180,4406,1691,722,185,41,22,2201,795,2938,43,42.6,3448,0.00534868,7767,7003,0.044888287,0.023493568,0.049966148,0.039539607,0.001489506,0.002505078,0.832769127,205,478,88992,$593699,63,2
98144,Seattle,King,Seattle,$37444,$61271.48,26881,$1.39,$980344,38.1,392,2227,2537,2116,1021,926,1138,710,11511,284,6519,2743,1288,531,230,186,3610,1333,3799,38.7,37.6,5747,0.007402998,13308,13573,0.24329452,0.178490384,0.113649046,0.050407351,0.002194859,0.003682899,0.400877944,532,1433,114644,$599100,97,2
98148,Burien,King,Seattle,$167004,$228529.04,10010,$16.68,$3884994,37,189,748,809,875,424,326,432,178,4230,74,2455,878,512,206,95,82,1326,483,1547,38.4,35.3,1895,0.008091908,4962,5048,0.096103896,0.07962038,0.193306693,0.048051948,0.002897103,0.02027972,0.551648352,254,534,430412,$2839060,145,1
98155,Lake Forest Park,King,Seattle,$162639,$221700.65,32778,$4.96,$6429319,41.6,327,1810,2485,3005,1658,1278,1334,886,13231,316,7322,3048,1812,665,230,147,4462,1566,6465,43,40.4,4866,0.006528769,16572,16206,0.128287266,0.042742083,0.062084325,0.045518335,0.002806761,0.002745744,0.709286717,566,1334,728705,$4716539,210,4
98168,Burien,King,Seattle,$279970,$419987.62,33734,$8.30,$13859592,34.5,449,2001,2531,2709,1130,954,1027,576,11678,228,5546,2470,1566,995,522,569,3490,1093,4941,34.6,34.5,4221,0.010879232,16264,17470,0.174245568,0.114691409,0.221882967,0.044524812,0.002579,0.026649671,0.404547341,875,1641,1587078,$9239022,274,7
98178,Seattle,King,Seattle,$340039,$507087.72,24092,$14.11,$17748070,38,221,1220,1721,1917,987,807,879,612,8668,258,4280,1916,1202,597,336,330,3135,1133,3629,38.6,37.4,2948,0.006143118,12235,11857,0.284077702,0.287813382,0.073924954,0.062012286,0.002407438,0.00950523,0.274115889,556,1535,1837713,$11901375,284,5
98198,Des Moines,King,Greater Tacoma,$289455,$515722.46,34584,$8.37,$19081731,37.5,539,2090,2501,2873,1281,1070,1252,906,13106,362,7316,2636,1622,837,365,325,4338,1705,5589,38.8,36.3,4985,0.010207032,17352,17232,0.107853343,0.104759426,0.179418228,0.042158223,0.00130118,0.026139255,0.528163313,757,1775,1570587,$10709826,205,2
98201,Everett,Snohomish,Northwest Region,$98096,$184677.12,29582,$3.32,$7017731,37,666,2114,2108,2708,1335,1036,1185,476,12443,224,7901,2391,1181,519,245,189,3833,1390,3921,39.1,35.4,6513,0.015752823,13992,15590,0.039280644,0.036610101,0.099689,0.035697384,0.001149348,0.008991955,0.762828747,619,1390,664649,$3727662,163,4
98203,Everett,Snohomish,Northwest Region,$353334,$533626.57,34354,$10.29,$19744183,37.5,542,2206,2619,3239,1330,1134,1264,774,13425,232,7214,2974,1839,775,345,263,4013,1291,6196,38.4,36.7,4851,0.00978052,17384,16970,0.070792339,0.029894627,0.107643942,0.038510799,0.001513652,0.005064912,0.736799208,751,1627,1625923,$13073361,260,2
98204,Everett,Snohomish,Northwest Region,$449345,$619142.39,39380,$11.41,$21050841,30.5,1609,3974,3097,3150,1135,900,1090,510,15996,178,8641,3596,1974,1000,432,351,3441,1177,5534,30.6,30.3,7143,0.008583037,19621,19759,0.115972575,0.057313357,0.238318944,0.039715592,0.002006094,0.009243271,0.528847131,1066,2253,2136294,$15277726,368,13
98205,Lake Stevens,Snohomish,405 Corridor,$171480,$263508.20,12283,$13.96,$5270164,33.8,127,843,1033,1053,424,288,341,200,4340,52,1951,1002,799,376,138,73,992,284,2523,34.3,33.3,1127,0.005210453,6080,6203,0.035007734,0.014084507,0.075795815,0.039159814,0.00219816,0.003826427,0.824717089,244,446,501858,$3429595,131,1
98208,Everett,Snohomish,Northwest Region,$136663,$216731.08,51802,$2.64,$6068470,35.2,865,3265,4034,4590,1828,1377,1615,956,18880,232,9152,4218,3203,1327,567,406,4976,1587,10119,36.2,34.3,5611,0.006930234,26127,25675,0.105246902,0.029091541,0.103335779,0.043087139,0.001660168,0.003416856,0.707231381,967,2183,536742,$3826551,187,3
98221,Anacortes,Skagit,Northwest Region,$79701,$133742.11,20429,$3.90,$4547232,49.4,221,910,1129,1666,983,1025,1587,1238,9097,326,6055,1572,940,353,113,64,4466,1709,4874,50.5,47.9,3193,0.008272554,10506,9923,0.018258358,0.005482402,0.04429977,0.025600862,0.001223751,0.001223751,0.895638553,306,724,409519,$2709836,154,2
98223,Arlington,Skagit,Northwest Region,$242214,$416798.59,40815,$5.93,$16671944,39.2,404,1874,2947,3773,1672,1355,1637,966,14912,206,7406,3268,2435,1095,413,291,4804,1485,8665,39.7,38.7,4037,0.011490873,20299,20516,0.020115154,0.006811221,0.063040549,0.028420924,0.001396545,0.001862061,0.866862673,809,1401,1270663,$9688549,159,4
98225,Bellingham,Whatcom,Northwest Region,$249563,$388741.04,46172,$5.41,$15160900,28.6,4052,3703,2623,2889,1702,1482,1584,894,19843,326,11779,4656,2016,924,304,130,5258,1929,5604,28.8,28.5,12021,0.013406393,23472,22700,0.036775535,0.012821623,0.059213376,0.034891276,0.002057524,0.001689336,0.839144936,643,1575,1534273,$9732955,260,7
98226,Bellingham,Whatcom,Northwest Region,$360786,$584822.81,41235,$8.75,$23392912,38.6,1009,2547,2610,3178,1657,1524,2000,1366,16520,390,9287,3456,2192,950,370,253,6051,2246,8243,40.5,36.6,5932,0.061913423,20932,20303,0.056990421,0.008439433,0.074645326,0.032520917,0.001964351,0.003055657,0.760470474,690,1655,2120000,$14431452,322,10
98229,Bellingham,Whatcom,Northwest Region,$62426,$80013.87,30321,$2.06,$720125,38.9,885,1890,2056,2450,1370,1244,1451,1020,12493,232,6968,2760,1778,650,223,103,4211,1320,6319,40.2,37.7,4564,0.010157976,15261,15060,0.03278256,0.010883546,0.061244682,0.032221892,0.002374592,0.001616042,0.84871871,506,1104,91972,$561831,101,3
98230,Blaine,Whatcom,Northwest Region,$30330,$47538.89,15710,$1.93,$1663861,44,163,761,1013,1416,715,767,1076,588,6553,102,4043,1195,765,356,135,59,2708,740,3567,44.6,43.4,2163,0.008911521,7866,7844,0.036218969,0.009993635,0.05658816,0.030235519,0.001464036,0.006110757,0.850477403,268,555,213895,$1061537,134,2
98233,Burlington,Skagit,Northwest Region,$60803,$93294.61,14871,$4.09,$1865892,35.3,300,860,988,1090,467,437,629,480,5522,138,2919,1077,803,412,165,143,1988,831,2737,36.9,33.7,1799,0.008472867,7555,7316,0.024544415,0.006388272,0.259969067,0.017483693,0.001546634,0.001748369,0.679846681,305,681,197294,$1216053,102,2
98240,Custer,"",Northwest Region,$25639,$41944.93,3061,$8.38,$1090568,42.3,12,116,186,269,144,137,166,68,1103,16,585,205,165,85,34,29,423,91,701,41.6,43.1,261,0.008167266,1525,1536,0.015354459,0.004573669,0.094740281,0.011760862,0.002613525,0.001633453,0.861156485,64,77,127006,$666615,103,1
98245,Eastsound,"",Northwest Region,$25594,$40028.88,3651,$7.01,$1441040,49.6,35,149,246,364,256,212,303,130,1753,24,1202,326,148,50,20,7,762,211,792,49.9,49.1,758,0.004930156,1920,1731,0.013968776,0.002465078,0.055601205,0.025746371,0.003012873,0.001917283,0.892358258,67,136,86973,$921381,43,1
98247,Everson,Whatcom,Northwest Region,$26482,$40556.21,9072,$2.92,$1338355,34.8,112,468,590,720,317,293,317,232,3079,60,1457,625,471,271,141,113,957,300,1945,35.2,34.5,691,0.034722222,4535,4537,0.011574074,0.003417108,0.179232804,0.028439153,0.00154321,0.001102293,0.739969136,159,284,141810,$873893,96,1
98248,Ferndale,Whatcom,Northwest Region,$48338,$71144.62,22361,$2.16,$1920905,38,248,1077,1581,1891,839,834,980,538,8154,156,4184,1686,1262,595,249,177,2793,834,4820,38.6,37.3,2119,0.027861008,11221,11140,0.026877152,0.007155315,0.101694915,0.02674299,0.001565225,0.002593802,0.805509593,360,855,208627,$1305125,126,2
98249,Freeland,"",Northwest Region,$70922,$106554.37,4561,$15.55,$2024533,54.9,30,118,212,396,268,282,460,266,2146,84,1510,377,164,72,15,8,1192,414,1105,56,53.9,833,0.004823504,2401,2160,0.015128261,0.004385003,0.023240517,0.025213769,0.001973251,0.002631002,0.922604692,52,156,172592,$1347525,67,3
98250,Friday Harbor,"",Northwest Region,$48444,$74806.98,7664,$6.32,$448842,51.1,86,287,422,698,481,493,656,320,3565,94,2459,622,310,120,44,9,1700,488,1709,51.5,50.6,1449,0.004827766,3931,3733,0.010699374,0.002479123,0.065762004,0.020615866,0.002087683,0.000521921,0.893006263,131,276,45868,$290664,45,1
98251,Gold Bar,Snohomish,405 Corridor,$90078,$135018.69,4567,$19.72,$2700374,39.5,49,209,393,516,207,149,178,50,1791,18,936,419,252,119,39,26,492,113,874,39.2,39.7,621,0.010948106,2164,2403,0.009415371,0.004598205,0.069848916,0.030216772,0,0.003284432,0.871688198,118,178,267975,$1801557,163,2
98252,Granite Falls,Snohomish,405 Corridor,$78893,$126460.51,8777,$8.99,$4299657,38.3,68,440,749,919,366,235,292,120,3272,36,1593,763,519,229,107,61,854,242,1732,37.8,38.7,1024,0.010026205,4231,4546,0.011165546,0.004557366,0.053662983,0.035091717,0.001025407,0.001709012,0.882761764,217,299,378986,$2682367,188,1
98253,Greenbank,"",Northwest Region,,,1837,,,58,9,37,70,141,151,137,220,142,896,32,679,141,47,18,6,5,542,148,532,58,58,298,0.004354927,925,912,0.009798585,0.005988024,0.022318998,0.015786609,0.001088732,0,0.940664126,26,40,,,,1
98258,Lake Stevens,Snohomish,405 Corridor,$87277,$111693.58,30524,$2.86,$4132663,35,277,1789,2586,2894,998,772,920,400,10718,94,4694,2570,2045,937,273,199,2485,611,6336,35.4,34.6,2641,0.007567815,15155,15369,0.026831346,0.011433626,0.067913773,0.0343664,0.001343205,0.003210588,0.847333246,610,1131,418015,$3229253,114,2
98260,Langley,Island,Northwest Region,$37666,$52095.19,5278,$7.14,$1927522,54.4,27,144,234,499,392,375,485,232,2512,86,1764,427,202,74,32,13,1330,399,1296,54.9,53.8,1004,0.005683971,2826,2452,0.016104585,0.00397878,0.026146268,0.022735885,0.001515726,0.001515726,0.92231906,70,142,167527,$1393635,94,2
98264,Lynden,Whatcom,Northwest Region,$20439,$27377.20,18893,$1.08,$246395,37.6,238,978,1122,1358,642,541,916,766,6889,248,3858,1071,956,612,232,159,2709,1204,4353,39.6,35.6,1787,0.006298629,9751,9142,0.023818345,0.004710739,0.113375324,0.014820304,0.001111523,0.001270312,0.834594823,217,532,28545,$183954,57,1
98266,Maple Falls,"",Northwest Region,$21474,$33378.37,3642,$5.90,$1268378,34.4,59,228,255,337,143,120,119,52,1310,4,635,318,162,87,50,58,354,63,648,34.6,34.2,437,0.021965953,1745,1897,0.007688083,0.005491488,0.073311367,0.031301483,0.001647446,0.000823723,0.857770456,84,141,101039,$816030,74,1
98271,Marysville,Snohomish,Northwest Region,,,27184,,,37.6,308,1415,1700,2328,1112,922,1198,636,9697,142,4802,2120,1451,732,325,263,3247,862,5398,38.3,36.9,2592,0.093584461,13415,13769,0.028877281,0.012360212,0.082107122,0.043407887,0.001250736,0.003936139,0.734476162,614,1093,,,,3
98272,Monroe,Snohomish,405 Corridor,,,27942,,,35.7,261,1371,2086,2165,851,694,739,412,8822,144,4017,1966,1546,752,307,231,2356,767,5176,35.6,35.8,2338,0.010772314,12803,15139,0.023870875,0.023477203,0.128265693,0.026555007,0.001789421,0.003006227,0.78226326,500,808,,,,2
98273,Mount Vernon,Skagit,Northwest Region,$282317,$426073.06,28717,$9.83,$16190776,33.4,557,1756,1754,2025,963,907,1184,742,10248,192,5258,2077,1377,761,374,392,3528,1249,5174,34.5,32.5,3349,0.009262806,14360,14357,0.021973047,0.007347564,0.317616743,0.01970958,0.001392903,0.001392903,0.621304454,588,1137,1293906,$10728063,317,12
98275,Mukilteo,Snohomish,Seattle,$39256,$61070.37,20256,$1.94,$977126,41.8,232,963,1501,2259,976,788,819,406,8058,120,4370,1783,1279,438,127,61,2398,632,4664,43,40.5,2398,0.005084913,10093,10163,0.169579384,0.016340837,0.043542654,0.038556477,0.001925355,0.001678515,0.723291864,280,716,101342,$628094,104,3
98277,Oak Harbor,Island,Northwest Region,$145516,$216107.15,37823,$3.85,$6483215,33,1346,3311,2540,2560,1151,1117,1622,1080,15071,316,8498,3046,2119,925,325,157,4598,1651,8394,34.6,31.6,4690,0.007878804,19046,18777,0.073209423,0.035084472,0.077571848,0.053433096,0.001533458,0.007402903,0.743885995,530,1457,701634,$4365495,180,2
98282,Camano Island,"",Northwest Region,$69788,$99984.51,15661,$4.46,$3499458,50.2,78,437,815,1441,834,834,1295,880,6626,180,4292,1139,724,301,111,59,3268,1018,4109,50.8,49.4,1881,0.006704553,7890,7771,0.0132814,0.003831173,0.028989209,0.019794394,0.000957793,0.002298704,0.924142775,212,424,320511,$2442590,150,1
98284,Sedro Woolley,"",Northwest Region,$93683,$158678.35,24331,$3.85,$5871099,38.4,320,1399,1640,1977,1078,802,1138,688,9262,142,5026,2029,1244,585,209,168,3159,1039,4724,39,37.7,2944,0.019275821,12118,12213,0.010233858,0.005301878,0.093830915,0.021577412,0.000945296,0.001397394,0.847437426,564,1030,496167,$3466268,180,2
98290,Snohomish,Snohomish,405 Corridor,$67407,$94852.60,32714,$2.06,$569116,41.2,241,1265,2324,3435,1523,1203,1212,766,12070,158,6204,2549,1956,853,321,186,3687,1034,7197,41.8,40.5,3160,0.006816653,16177,16537,0.013602739,0.004157242,0.054563795,0.026349575,0.001956349,0.001253286,0.891300361,604,1109,60086,$404439,75,2
98292,Stanwood,Snohomish,Northwest Region,,,20987,,,42.5,171,811,1421,1983,927,736,916,580,7938,234,4256,1635,1201,510,222,114,2906,1097,4678,43.2,41.8,2236,0.009625006,10588,10399,0.012912756,0.006099014,0.047743841,0.025968457,0.000905322,0.002525373,0.894220232,382,642,,,,1
98296,Snohomish,Snohomish,405 Corridor,$90967,$141128.79,27956,$3.25,$4374993,38.7,95,1038,2421,2869,1078,765,774,386,9413,82,3948,2106,2084,842,287,145,2321,535,6762,38.7,38.7,1718,0.004042066,13864,14092,0.098046931,0.008262985,0.050042925,0.031442266,0.001788525,0.00143082,0.804943483,355,578,380718,$2819967,129,1
98310,Bremerton,Kitsap,Olympics,$178529,$253498.54,18703,$9.55,$6844461,39.6,525,1387,1165,1521,761,701,970,610,8252,256,5190,1579,868,346,166,102,3132,1324,3044,42.4,36.7,3737,0.012244025,9604,9099,0.069347164,0.051489066,0.075121638,0.064053895,0.001657488,0.015077795,0.711008929,429,1042,736598,$4820270,156,3
98311,Bremerton,Kitsap,Olympics,,,25880,,,38,400,1425,1691,2125,1013,890,1230,696,9614,194,5000,2054,1444,666,291,155,3339,1020,5470,39.9,35.8,2571,0.008693972,13000,12880,0.102125193,0.033693972,0.063678516,0.062171561,0.002241113,0.017465224,0.709930448,443,1130,,,,1
98312,Bremerton,Kitsap,Olympics,$220911,$340037.12,30203,$7.31,$12581374,36,891,2226,1876,2611,1314,988,1259,666,12253,268,6891,2740,1559,632,253,169,3715,1205,5778,36.9,35.3,4515,0.014435652,14784,15419,0.038208125,0.035592491,0.073237758,0.055060756,0.001523028,0.009800351,0.77214184,617,1343,1279417,$8173712,286,6
98321,Buckley,Pierce,Greater Tacoma,$269395,$400571.27,15152,$17.78,$15221708,39.5,130,610,1135,1449,572,458,555,328,5294,74,2497,1205,953,420,148,70,1581,455,3273,39.6,39.3,1277,0.009107709,7544,7608,0.009767687,0.004949842,0.036232841,0.027851109,0.000461985,0.001187962,0.910440866,271,473,1256227,$10237017,208,3
98325,Chimacum,"",Olympics,$51135,$75703.18,1848,$27.67,$1438360,46.3,24,77,117,182,106,90,109,54,785,18,481,168,77,39,12,8,307,92,429,46.3,46.3,254,0.020562771,907,941,0.010281385,0.004329004,0.04491342,0.041666667,0.000541126,0.000541126,0.877164502,37,65,126350,$971565,118,2
98328,Dayton,,,,,10433,,,41.9,73,389,693,972,495,367,519,254,3841,64,1972,790,605,289,118,65,1390,408,2340,42.3,41.5,977,0.009393271,5149,5284,0.009393271,0.005463433,0.038819132,0.038627432,0.001150196,0.001629445,0.895523819,195,329,,,,1
98329,Gig Harbor,Pierce,Olympics,$62829,$101738.08,10545,$5.96,$1119119,40.8,66,469,683,1013,486,425,488,264,3894,42,2006,880,550,290,98,70,1320,329,2362,41.7,39.8,911,0.007017544,5240,5305,0.016595543,0.007871029,0.042579422,0.040493125,0.00170697,0.003698435,0.880037933,230,391,114209,$691122,40,2
98331,Forks,Clallam,Olympics,$26605,$41267.49,6261,$4.25,$1072955,35,116,348,362,439,267,209,260,188,2194,24,1181,439,280,175,66,52,719,213,1066,36.5,33.9,711,0.079380291,2864,3397,0.009742853,0.014853857,0.180961508,0.036735346,0.001118032,0.001597189,0.675610925,151,266,106259,$691719,72,3
98335,Gig Harbor,Pierce,Olympics,,,24925,,,44.3,259,847,1701,2197,1221,1088,1410,906,9817,200,5690,1884,1402,570,184,87,3883,1217,5982,45.3,43.3,2686,0.005977934,12925,12000,0.025356068,0.00890672,0.048946841,0.030892678,0.001564694,0.003450351,0.874904714,338,811,,,,1
98336,Kennewick,Benton,Southeast Region,,,970,,,48.2,11,39,43,86,47,54,81,52,413,10,265,75,41,20,6,6,199,55,223,48.6,47.8,134,0.009278351,460,510,0.002061856,0.003092784,0.032989691,0.022680412,0,0,0.929896907,19,37,,,,1
98339,Port Hadlock,"",Olympics,$27113,$42200.15,3326,$8.15,$1561406,46.1,50,164,193,303,159,189,248,134,1465,24,945,283,148,51,20,18,645,192,664,47.7,44.3,564,0.022248948,1665,1661,0.015634396,0.010523151,0.033674083,0.04750451,0.001503307,0.00420926,0.864702345,72,165,129736,$1003173,79,2
98346,Kingston,"",Olympics,$36020,$63972.75,9297,$3.87,$639728,43.1,99,375,598,882,452,452,468,290,3646,58,2075,733,483,200,100,55,1360,362,2101,43.8,42.4,1016,0.073249435,4619,4678,0.016672045,0.003764655,0.053242982,0.033344089,0.002258793,0.002151232,0.815316769,179,350,86659,$360198,53,2
98362,Port Angeles,Clallam,Olympics,$158114,$220781.64,22230,$7.11,$7948139,47.5,405,1037,1210,1909,1186,1150,1580,1024,9961,330,6569,1826,939,401,148,74,4492,1656,4603,48.6,46.1,3941,0.022132254,11309,10921,0.015609537,0.005488079,0.031084121,0.030409357,0.00211426,0.001439496,0.891722897,464,953,794063,$5692097,245,6
98363,Port Angeles,Clallam,Olympics,$37326,$58851.93,13343,$2.80,$1883262,43.9,182,686,754,1188,670,589,857,452,5578,110,3473,1077,598,269,91,68,2269,725,2836,45.2,42.8,1882,0.060031477,6628,6715,0.011166904,0.005770816,0.035074571,0.03717305,0.002023533,0.001274076,0.847485573,270,590,244955,$1194437,57,2
98366,Port Orchard,Kitsap,Olympics,$265687,$407478.86,34258,$7.76,$15891676,38.2,651,2127,2281,2717,1339,1262,1615,890,13283,248,7329,2838,1879,751,309,174,4596,1499,6444,39.5,36.9,4461,0.010099831,17132,17126,0.037567867,0.021484033,0.059723276,0.049214782,0.001284372,0.012639384,0.807986456,700,1678,1464483,$10361801,267,8
98367,Port Orchard,Kitsap,Olympics,$22857,$37625.03,27693,$0.83,$978251,41.7,203,1153,1784,2640,1243,1105,1374,662,10155,124,5249,2166,1553,714,303,168,3560,818,6475,42.2,41.2,2340,0.008883111,13627,14066,0.032426967,0.01209692,0.050482071,0.042248944,0.001444408,0.009713646,0.842703932,470,870,117046,$594292,104,1
98368,Port Townsend,Jefferson,Olympics,$94540,$139984.12,14724,$6.42,$5599365,54.1,161,504,716,1274,949,1070,1452,712,7227,190,5138,1272,528,185,58,46,3897,1215,3194,54.3,53.9,3230,0.010459114,7740,6984,0.016028253,0.004754143,0.028253192,0.025604455,0.002377071,0.002512904,0.910010867,222,581,522262,$3781614,180,4
98370,Poulsbo,,,$146280,$211454.95,29528,$4.95,$4863464,43.2,319,1290,1946,2677,1327,1287,1566,894,11716,232,6768,2287,1613,657,244,147,4550,1481,6722,44,42.4,3515,0.017136277,15267,14261,0.032105121,0.007856949,0.059739908,0.039758873,0.001862639,0.00247223,0.839068003,419,1060,437977,$3364429,37,1
98371,Puyallup,Pierce,Greater Tacoma,,,20468,,,41.4,306,1055,1336,1870,851,756,1076,730,8265,192,4722,1763,1046,473,173,87,3058,1121,4162,42.7,40.2,2753,0.013875318,10470,9998,0.028239203,0.014852453,0.069278874,0.034395153,0.000732851,0.003371116,0.835255032,391,959,,,,4
98372,Edgewood,Pierce,Greater Tacoma,$145,$338.69,22475,$0.01,$339,39.4,510,1376,1563,2073,935,719,977,584,8962,132,4979,2030,1184,491,170,106,2737,916,4340,40.4,38.2,3145,0.010945495,11477,10998,0.035328142,0.014994438,0.063314794,0.037419355,0.001156841,0.005784205,0.83105673,471,1006,30,$145,1,1
98373,Puyallup,Pierce,Greater Tacoma,$334604,$503777.70,22246,$15.04,$11586887,33.3,694,1770,1810,1877,680,543,713,448,8609,114,4292,2202,1272,550,187,104,2009,627,4185,34,32.5,2759,0.010204082,11347,10899,0.051559831,0.038074261,0.075519194,0.056279781,0.001573317,0.012451677,0.754337858,507,1158,1222029,$7695890,209,9
98382,Sequim,Clallam,Olympics,$143005,$175421.83,26856,$5.32,$4385546,57.4,260,886,1062,1753,1272,1476,2984,2306,12736,768,9382,1906,859,359,140,88,7890,3338,6676,58.2,56.1,4762,0.013032469,14166,12690,0.015974084,0.003425678,0.040288948,0.025320226,0.001117069,0.001117069,0.899724456,372,926,473367,$3575118,167,2
98383,Silverdale,"",Olympics,$153182,$216475.18,19727,$7.77,$4113028,38.3,637,1294,1214,1648,779,722,867,440,7977,166,4492,1723,1084,451,149,76,2630,924,4245,40.7,35.3,2749,0.00729964,9960,9767,0.10371572,0.029350636,0.060019263,0.054189689,0.000963147,0.007147564,0.737314341,265,718,439839,$2910449,143,3
98387,Spanaway,"",Greater Tacoma,$192426,$318196.13,43173,$4.46,$6682119,33.2,500,2633,3266,3551,1296,1161,1342,714,14533,148,6168,3443,2512,1385,609,414,3883,1010,7940,33.8,32.6,3447,0.009427188,21741,21432,0.048711,0.080582772,0.09274315,0.071248234,0.001250782,0.028304727,0.667732147,1032,2114,645934,$4040943,173,2
98391,Bonney Lake,Pierce,Greater Tacoma,,,44309,,,36.4,311,2272,3632,4441,1626,1182,1208,608,15325,136,6486,3796,3098,1250,454,240,3555,855,9587,36.5,36.2,3319,0.008846961,21810,22499,0.021079239,0.009411181,0.055812589,0.034597937,0.001444402,0.002505134,0.866302557,1018,1401,,,,2
98402,Tacoma,Pierce,Greater Tacoma,$185166,$230740.53,6356,$29.13,$7845178,35.4,377,933,463,533,244,183,271,46,3286,26,2708,479,73,18,5,2,764,285,421,35.1,35.5,2612,0.024229075,2484,3872,0.062303335,0.143643801,0.084801762,0.04657017,0.001730648,0.005821271,0.630899937,78,175,798204,$6295652,209,2
98404,Tacoma,Pierce,Greater Tacoma,$324307,$467360.12,32086,$10.11,$13553444,31.9,381,1960,2198,2290,994,822,1012,536,10522,166,4617,2262,1573,932,560,571,3189,1040,4233,32.9,30.8,3231,0.029857259,16192,15894,0.128841239,0.118244717,0.206632176,0.073458829,0.001682977,0.016237611,0.425045191,829,2229,1411235,$9404894,191,2
98405,Tacoma,Pierce,Greater Tacoma,$90497,$153114.69,22851,$3.96,$5512129,34.1,563,2088,1777,1760,800,632,777,414,9317,158,5256,2084,1041,520,232,171,2557,1011,2658,34.7,33.7,4505,0.014528905,11626,11225,0.050676119,0.181129929,0.083760011,0.078070982,0.0029758,0.009365017,0.579493239,554,1600,490812,$3257885,165,3
98406,Tacoma,Pierce,Greater Tacoma,$284910,$423687.00,21610,$13.18,$16100106,40.7,612,1405,1497,1897,924,866,972,674,9562,290,5956,1957,1004,403,134,87,3456,1493,3775,42.7,38.5,4386,0.007589079,11485,10125,0.036881074,0.047570569,0.051457658,0.049976863,0.001527071,0.004396113,0.800601573,362,1039,1670745,$10826589,207,5
98407,Tacoma,Pierce,Greater Tacoma,,,19885,,,42.8,264,1205,1507,1761,948,893,1089,630,8765,250,5444,1829,964,335,131,60,3288,1199,4005,44.6,40.7,3509,0.00658788,10370,9515,0.034096052,0.037616294,0.049383958,0.046064873,0.002112145,0.002564747,0.821574051,334,917,,,,1
98408,Tacoma,Pierce,Greater Tacoma,$631723,$835527.40,18830,$33.55,$32585569,36,274,1278,1301,1580,622,573,675,512,7072,180,3657,1543,949,503,249,164,2324,892,2855,37.6,34.7,2567,0.015932023,9524,9306,0.085395645,0.10228359,0.117206585,0.07732342,0.001486989,0.014710568,0.585661179,495,1155,2969106,$24637211,213,2
98409,Tacoma,Pierce,Greater Tacoma,$249956,$378326.10,22989,$10.87,$14754718,30.2,892,2224,1697,1821,717,531,602,336,8993,132,4580,2278,1099,600,241,195,1913,599,2985,30.7,29.9,3569,0.012484232,11727,11262,0.074774892,0.159772065,0.145982861,0.082691722,0.00230545,0.017138632,0.504850146,657,1782,1401854,$9748292,231,7
98418,Tacoma,Pierce,Greater Tacoma,$120560,$180135.97,10069,$11.97,$3062312,34.5,151,794,751,887,390,286,353,172,3884,58,2014,901,471,281,112,97,1051,321,1386,35,34,1572,0.023338961,5013,5056,0.074684676,0.109047572,0.137550899,0.069917569,0.002880127,0.015195153,0.567385043,296,630,297255,$2049521,99,1
98424,Fife,,,$5685,$8166.52,10140,$0.56,$97998,31.2,286,1062,907,789,301,211,238,146,3952,36,2030,964,539,236,98,83,724,192,1635,30.8,31.6,1509,0.023964497,5037,5103,0.148126233,0.077120316,0.164299803,0.059072978,0.001676529,0.024852071,0.500887574,264,544,10411,$68220,47,2
98444,Tacoma,Pierce,Greater Tacoma,$368280,$567647.21,33956,$10.85,$18164711,30.1,1277,2534,2129,2529,1090,963,1091,674,12518,128,6355,2773,1681,934,428,320,3395,1089,4488,30.4,29.7,4778,0.012192249,17329,16627,0.112351278,0.116385911,0.164006361,0.069943456,0.002061491,0.038608788,0.484450465,944,2308,1697734,$11784950,279,3
98445,Elma,Grays Harbor,Southern Olympics,$29780,$42987.97,29661,$1.00,$601832,34.6,551,1928,1992,2372,961,892,1070,802,10722,164,5241,2469,1549,783,386,290,3350,1142,5285,35.5,33.5,3127,0.012103435,15233,14428,0.090994909,0.099389771,0.094770911,0.074677186,0.001517144,0.031320589,0.595226054,597,1713,60122,$416920,48,1
98466,University Place,Pierce,Greater Tacoma,,,26944,,,38.7,584,1847,1910,2272,1089,943,1286,988,11350,270,6659,2483,1401,508,195,104,3931,1557,4988,40.3,36.3,4187,0.007608373,14375,12569,0.055967933,0.084026128,0.065246437,0.0683269,0.001595903,0.008090855,0.70913747,497,1678,,,,2
98499,Lakewood,Pierce,Greater Tacoma,$486,$663.90,29750,$0.02,$2656,33.8,1160,2408,1973,2474,1055,932,1173,850,12450,268,7205,2679,1392,676,291,202,3756,1435,4377,34.7,33,5265,0.011361345,15244,14506,0.099226891,0.118252101,0.202117647,0.068638655,0.002722689,0.032672269,0.465008403,744,2064,285,$1942,3,3
98501,Olympia,Chelan,Southeast Region,$237609,$355889.03,38133,$6.23,$13879672,39.7,745,2385,2925,3472,1764,1513,1729,1000,16111,306,9403,3431,2117,797,246,111,5234,1773,7550,40.7,38.5,6131,0.00896861,19744,18389,0.051189259,0.014029843,0.055358876,0.038051032,0.001547216,0.003146881,0.827708284,668,1762,1323340,$9266742,296,5
98502,Olympia,Thurston,Southern Olympics,$255659,$353503.31,30491,$8.38,$9191086,38.3,1093,1868,1950,2534,1410,1229,1402,854,12637,230,7300,2913,1525,615,205,71,4167,1302,5553,40,35.9,5279,0.00829753,15622,14869,0.065888295,0.017808534,0.053261618,0.037289692,0.001607032,0.003837198,0.812010101,472,1333,1029978,$6647137,260,3
98503,Lacey,Thurston,Southern Olympics,$381932,$529872.78,36611,$10.43,$21194911,36.1,883,2690,2417,2666,1224,1240,1585,1262,14764,454,8407,3248,1794,828,321,163,5278,2250,6571,38.2,34,5491,0.01035208,19178,17433,0.064789271,0.045041108,0.093605747,0.053153424,0.002267078,0.017808855,0.712982437,687,2015,2244052,$15277299,353,5
98506,Olympia,Thurston,Southern Olympics,$78643,$97349.04,18199,$4.32,$1849632,42.6,342,1127,1312,1554,941,792,880,566,7985,204,4915,1664,884,324,113,81,2965,1155,3384,44.6,40.5,3446,0.010385186,9569,8630,0.036980054,0.015440409,0.055442607,0.037144898,0.00142865,0.003241936,0.83993626,316,839,191768,$1494212,144,1
98512,Olympia,Thurston,Southern Olympics,$77981,$122330.79,28130,$2.77,$4159247,40.5,549,1574,1947,2554,1339,1127,1308,798,11370,214,6454,2554,1531,528,195,105,3734,1117,5781,41.9,39.1,3896,0.009669392,14092,14038,0.032598649,0.015606114,0.051688589,0.03533594,0.001315322,0.003483825,0.850302169,530,1163,387127,$2651362,173,3
98516,Lacey,Thurston,Southern Olympics,$182250,$235586.79,20166,$9.04,$5889670,39.3,288,1276,1371,1535,814,848,1131,592,7914,112,4503,1611,1063,453,161,120,2870,770,4654,40.1,38.6,2156,0.011653278,10384,9782,0.091044332,0.038678965,0.079638996,0.050332242,0.002628186,0.01001686,0.716007141,321,783,637414,$4556259,284,6
98520,Aberdeen,Grays Harbor,Southern Olympics,$147473,$218448.33,23814,$6.19,$6116553,38,448,1214,1287,1698,934,811,1148,630,8500,214,4724,1748,1080,517,246,184,3164,1045,3752,39.3,37.2,3042,0.028302679,10925,12889,0.017720669,0.021206013,0.131939195,0.032375913,0.001385739,0.004283195,0.762786596,566,1140,663915,$4129256,172,4
98524,Allyn,"",Olympics,$35094,$52238.20,3232,$10.86,$1358193,53.5,19,121,159,239,170,147,316,230,1396,44,952,230,123,52,22,17,754,265,883,54.1,52.9,386,0.004641089,1614,1618,0.012376238,0.006188119,0.031559406,0.032178218,0.000928218,0.002165842,0.909962871,45,82,123314,$912438,87,1
98528,Belfair,"",Olympics,$58434,$92298.82,9983,$5.85,$2953562,41.5,93,505,613,850,472,408,533,270,3828,92,2151,792,466,244,96,77,1437,424,2080,41.7,41.3,1196,0.013122308,5007,4976,0.016127417,0.00691175,0.063908645,0.038465391,0.002303917,0.003205449,0.855955124,202,350,265150,$1869884,199,4
98531,Centralia,Lewis,Southern Olympics,$28469,$40413.96,24121,$1.18,$767865,36.7,557,1480,1396,1737,889,806,1160,796,9448,276,5333,1909,1124,619,258,202,3641,1553,4056,39,34.2,3553,0.011773973,12177,11944,0.010322955,0.006384478,0.155093072,0.027818084,0.000663322,0.002238713,0.785705402,575,1264,90659,$540913,67,7
98532,Chehalis,Lewis,Southern Olympics,$129465,$210049.56,23596,$5.49,$6511536,39.4,337,1129,1483,1763,921,876,1281,804,8919,220,4967,1759,1225,550,242,174,3566,1257,4912,40.7,37.9,2629,0.009450754,11757,11839,0.011400237,0.007077471,0.068231904,0.023605696,0.001186642,0.001271402,0.877775894,459,919,728588,$4013429,141,3
98541,Elma,Grays Harbor,Southern Olympics,$101877,$108047.68,10101,$10.09,$4105812,40,142,492,594,876,434,393,552,302,3849,82,2065,822,515,256,106,85,1470,427,1970,40.4,39.7,1201,0.016929017,4983,5118,0.011484011,0.005742006,0.079101079,0.03049203,0.000396,0.001980002,0.853875854,229,449,361542,$3871340,111,1
98550,Hoquiam,Grays Harbor,Southern Olympics,$86957,$129782.34,11382,$7.64,$3893470,40,179,609,685,886,499,476,646,358,4545,108,2552,967,544,277,123,80,1822,629,1939,41.7,38.5,1667,0.033386048,5750,5632,0.010455105,0.005886487,0.082850114,0.031013882,0.001142154,0.00131787,0.833948339,293,646,409643,$2608715,125,3
98569,Ocean Shores,Grays Harbor,Southern Olympics,$37520,$59768.66,5784,$6.49,$2032134,57.1,77,151,233,429,330,450,701,416,2813,66,2053,453,196,65,25,20,1701,518,1393,57.4,56.8,1104,0.019882434,2984,2800,0.017807746,0.008644537,0.032849239,0.0354426,0.001210235,0.001901798,0.882261411,97,219,212292,$1275690,115,1
98577,Raymond,Pacific,Southern Olympics,$7118,$14616.95,6338,$1.12,$526210,44.8,62,298,321,496,309,292,405,256,2566,64,1556,471,269,153,68,49,1161,433,1318,45.4,44.2,880,0.018302304,3140,3198,0.038497949,0.00410224,0.104449353,0.032344588,0.000788892,0,0.801514673,146,222,44014,$256265,31,1
98579,Rochester,"",Southern Olympics,$89968,$141116.51,12870,$6.99,$4233495,39.5,129,650,903,1119,509,490,634,338,4756,58,2442,1028,721,353,127,85,1640,415,2820,39.6,39.5,1192,0.017871018,6393,6477,0.009401709,0.005905206,0.076301476,0.029059829,0.0003108,0.001631702,0.85951826,256,488,432704,$2699049,156,2
98584,Shelton,Mason,Southern Olympics,$146343,$214629.32,36630,$4.00,$6438880,40.8,457,1659,1973,2761,1540,1453,1997,1404,13635,320,7835,2683,1609,841,383,283,5738,2043,6863,43.3,39,4448,0.042506143,17428,19202,0.00969151,0.012776413,0.103385203,0.033142233,0.001173901,0.003985804,0.793338793,830,1494,634249,$4390283,183,5
98586,South Bend,Pacific,Southern Olympics,$28017,$44777.06,1944,$14.41,$1388089,45.6,36,78,113,144,84,92,127,90,814,28,525,126,101,35,17,10,381,151,385,47.6,44.4,304,0.027263374,963,981,0.039609053,0.000514403,0.161522634,0.049897119,0.001028807,0,0.720164609,45,80,137564,$868522,73,1
98589,Tenino,Thurston,Southern Olympics,$25944,$41410.80,7320,$3.54,$1283735,42.4,64,335,495,704,358,278,367,238,2863,36,1591,590,410,158,73,40,1006,312,1612,42.9,41.8,831,0.00942623,3673,3647,0.008469945,0.003961749,0.049453552,0.028278689,0.000819672,0.001639344,0.89795082,145,275,154203,$804278,131,1
98591,Toledo,Lewis,Southern Olympics,,,3952,,,45,42,140,234,331,146,159,291,146,1519,50,861,298,196,102,34,28,680,206,896,45.4,44.6,372,0.018977733,1988,1964,0.004301619,0.003795547,0.047823887,0.02909919,0,0.001265182,0.894736842,86,165,,,,1
98593,Vader,Lewis,Southern Olympics,,,1113,,,44.3,10,31,66,105,44,41,77,46,423,12,222,98,51,32,13,7,187,61,225,45.2,43.3,121,0.016172507,529,584,0.008086253,0,0.04851752,0.063791554,0,0.000898473,0.862533693,25,52,,,,1
98596,Winlock,Lewis,Southern Olympics,,,6524,,,43.1,54,241,388,516,271,287,439,264,2473,44,1371,497,305,168,72,60,1090,322,1409,44.2,42.5,672,0.014255058,3217,3307,0.005058246,0.003218884,0.078786021,0.024371551,0.001379522,0.001226242,0.871704476,143,249,,,,1
98597,Yelm,Thurston,Southern Olympics,,,21557,,,35,293,1388,1640,1703,746,641,861,480,7843,88,3790,1752,1323,605,246,123,2355,694,4265,35.7,34.1,2128,0.01438048,11121,10436,0.019390453,0.017627685,0.078072088,0.046620587,0.001484437,0.004963585,0.817460686,405,1045,,,,1
98604,Battle Ground,Clark,Greater Vancouver,$19249,$39147.38,34232,$0.56,$1409306,34.8,344,1539,2413,2576,1155,1076,1257,706,11155,172,4987,2256,2005,979,466,461,3520,984,7450,35.7,33.9,2175,0.006455948,17225,17007,0.014781491,0.005550362,0.047703903,0.025239542,0.001460622,0.002395419,0.896412713,492,1038,113115,$692976,53,2
98605,Bingen,Klickitat,Greater Vancouver,$43780,$75888.47,1225,$35.74,$3035539,38.9,19,75,84,121,64,41,50,24,486,8,265,105,60,36,13,7,141,41,225,39.3,38.4,189,0.019591837,574,651,0.001632653,0.003265306,0.18122449,0.030204082,0,0.000816327,0.763265306,31,41,210656,$1751202,94,1
98607,Camas,Clark,Greater Vancouver,,,27899,,,38,153,1087,2406,2526,1003,865,979,488,9561,114,4290,1976,2005,820,317,151,2725,684,6396,38.2,37.8,1934,0.005627442,13992,13907,0.063909101,0.010538012,0.039786372,0.031112226,0.002329833,0.002544894,0.84415212,427,804,,,,3
98610,Carson,,,$11890,$20057.92,2871,$4.14,$40116,42.5,25,148,180,301,144,112,139,102,1176,12,694,239,125,73,28,17,408,147,591,42.3,42.7,401,0.017763845,1459,1412,0.004528039,0.003483107,0.059212818,0.037617555,0.000348311,0.001393243,0.875653083,65,119,4086,$23780,24,1
98612,Cathlamet,"",Greater Vancouver,$7688,$10676.46,2704,$2.84,$10676,52.8,12,88,115,213,143,158,284,138,1192,32,829,189,103,47,15,9,662,208,678,54.2,51.5,376,0.014792899,1352,1352,0.005177515,0.002588757,0.029215976,0.023298817,0.000369822,0.00147929,0.923076923,58,80,1523,$7688,16,2
98620,Goldendale,Klickitat,Greater Vancouver,$21806,$31150.79,7123,$3.06,$1152579,47.6,91,271,390,539,371,393,590,302,3011,50,1945,523,291,167,50,33,1461,428,1584,48.4,46.8,1009,0.028078057,3582,3541,0.003930928,0.002807806,0.057279236,0.023024007,0.000561561,0.001123122,0.883195283,136,282,122511,$806822,85,1
98624,Ilwaco,Pacific,Greater Vancouver,$51922,$71602.03,1532,$33.89,$1360439,50.4,23,60,97,118,100,96,125,64,721,22,498,136,49,26,7,5,340,115,346,53.3,47,298,0.011749347,742,790,0.006527415,0.003263708,0.05156658,0.036553525,0,0,0.890339426,27,50,133029,$986521,70,1
98625,Kalama,Cowlitz,Greater Vancouver,,,6133,,,44.2,46,245,405,555,293,274,354,210,2391,30,1339,516,319,132,55,30,938,260,1519,44.2,44.3,587,0.00978314,3026,3107,0.008804826,0.003097994,0.034240991,0.027229741,0.000978314,0.001630523,0.914234469,110,175,,,,1
98626,Kelso,Cowlitz,Greater Vancouver,$69011,$101938.61,24523,$2.81,$4077544,38,406,1299,1731,2007,972,882,1187,754,9382,176,5037,2003,1276,612,258,194,3216,1032,4628,38.2,37.8,2842,0.013538311,12367,12156,0.011988745,0.005138034,0.08155609,0.031969987,0.000611671,0.001427232,0.85376993,622,1290,378286,$2760443,151,4
98629,La Center,Clark,Greater Vancouver,,,8364,,,40.4,30,280,615,768,329,321,349,186,2871,54,1424,546,492,224,106,79,967,236,2015,40.8,39.9,517,0.007890961,4151,4213,0.009923482,0.005021521,0.036465806,0.022477284,0.00071736,0.00035868,0.917144907,118,221,,,,1
98632,Longview,Cowlitz,Greater Vancouver,$389244,$558726.31,49205,$7.91,$21231600,40.2,1061,2636,2938,3797,2135,1948,2593,1696,19985,540,11872,3936,2305,1092,464,313,7951,3145,9000,41.4,39,7355,0.014063611,25327,23878,0.019022457,0.006869221,0.084422315,0.030240829,0.000772279,0.002581039,0.842028249,1124,2506,2108476,$14791270,339,8
98635,Lyle,"",Greater Vancouver,$25818,$36183.30,1735,$14.88,$1374966,51.8,18,68,80,153,122,99,138,96,773,16,512,149,70,26,13,3,367,114,432,51.7,52,260,0.016138329,849,886,0.010951009,0,0.032276657,0.025360231,0.00518732,0.001152738,0.908933718,26,55,131659,$981069,93,1
98639,North Bonneville,Skamania,Greater Vancouver,$37196,$61249.24,847,$43.92,$1959976,43.4,6,47,55,86,53,39,53,22,382,10,250,65,44,16,5,2,146,45,169,42.9,43.9,150,0.007083825,430,417,0.014167651,0.003541913,0.036599764,0.016528926,0.001180638,0,0.920897285,23,40,143337,$1190279,59,1
98642,Ridgefield,Clark,Greater Vancouver,,,15696,,,41.4,80,630,1004,1351,668,605,797,474,5672,122,2891,1176,922,418,154,109,2159,649,3762,41.7,41,1227,0.006116208,7937,7759,0.021151886,0.007772681,0.046190112,0.021852701,0.00133792,0.001529052,0.894049439,252,431,,,,1
98644,Seaview,"",Greater Vancouver,$27516,$41407.33,473,$58.17,$496888,49.7,6,26,29,46,27,32,42,20,241,4,171,39,22,6,1,2,111,34,91,50,49.3,124,0.010570825,244,229,0.00845666,0.00422833,0.082452431,0.010570825,0,0,0.88372093,7,19,58811,$330189,46,1
98649,Toutle,"",Greater Vancouver,,,895,,,43.9,6,36,51,82,37,51,47,20,336,12,179,72,46,15,16,8,139,29,196,42,45.1,95,0.013407821,434,461,0.005586592,0.004469274,0.053631285,0.022346369,0,0,0.900558659,21,24,,,,1
98660,Vancouver,Clark,Greater Vancouver,$574081,$926675.55,11858,$48.41,$37067022,35.5,283,1100,883,952,457,432,601,156,5125,78,3239,1066,511,170,82,55,1548,447,1598,36.1,35,2640,0.010204082,5775,6083,0.020323832,0.031455557,0.096306291,0.040563333,0.001433631,0.006830832,0.792882442,266,621,3073359,$22963259,196,1
98661,Vancouver,Clark,Greater Vancouver,$413198,$766509.53,41740,$9.90,$30660381,33.9,1248,3411,3017,3247,1613,1438,1742,990,17174,278,9614,3795,2089,949,421,297,5093,1654,6383,34.4,33.5,7116,0.007810254,21145,20595,0.036344034,0.035984667,0.133564926,0.03639195,0.001317681,0.009655007,0.738931481,1110,2565,2433546,$16527902,260,5
98663,Vancouver,Clark,Greater Vancouver,$120925,$190978.08,14115,$8.57,$6493255,37.7,263,1041,1045,1202,593,513,600,420,5828,128,3294,1330,696,305,130,69,1845,637,2354,38.6,37,2386,0.008926674,7103,7012,0.019128587,0.019766206,0.10053135,0.033581296,0.001416932,0.005596883,0.811052072,356,732,484178,$4111442,66,1
98664,Vancouver,Clark,Greater Vancouver,$53016,$79495.46,21771,$2.44,$1748900,39.3,446,1468,1441,1783,872,854,1092,762,8964,142,5152,1952,1073,493,175,112,3224,1165,4003,40.8,37.8,3452,0.007211428,11265,10506,0.039685821,0.025079234,0.100959993,0.031555739,0.001653576,0.008819071,0.785035138,442,1067,198162,$1166359,64,1
98665,Vancouver,Clark,Greater Vancouver,$35183,$56403.38,24057,$1.46,$733244,37.5,405,1469,1751,1924,903,917,1164,650,9524,218,5234,2019,1282,565,248,170,3384,1132,4500,38.6,36.5,3344,0.006318327,12223,11834,0.035997838,0.021740034,0.103628881,0.033420626,0.001288606,0.004905017,0.792700669,502,1178,84606,$457379,45,3
98674,Woodland,Cowlitz,Greater Vancouver,,,12029,,,37.9,137,567,826,984,423,386,615,310,4316,56,2250,846,625,325,137,133,1533,428,2583,38.4,37.4,1109,0.006899992,5920,6109,0.009892759,0.005902403,0.106076981,0.019619253,0.000581927,0.001828913,0.849197772,204,420,,,,2
98682,Vancouver,Clark,Greater Vancouver,$171814,$258636.01,52893,$3.25,$6207264,33,750,3410,4335,4036,1671,1368,1590,684,18027,180,7942,4066,3157,1659,703,497,4495,1148,10155,33.6,32.2,4496,0.007203222,26585,26308,0.052521128,0.022536063,0.088896451,0.038341557,0.001701548,0.009074925,0.779725105,1071,2305,667752,$4123529,155,1
98683,Vancouver,Clark,Greater Vancouver,$275961,$387255.88,30832,$8.95,$6970606,39.6,540,1804,2431,2460,1145,1110,1491,1084,12900,406,7621,2573,1686,662,247,110,4880,2101,6216,41.4,37.9,4734,0.005675921,16064,14768,0.092922937,0.022152309,0.077743902,0.037590815,0.001881162,0.007427348,0.754605605,541,1409,691651,$4967304,142,1
98684,Vancouver,Clark,Greater Vancouver,$252463,$425800.61,26968,$9.36,$14051420,34.8,395,1762,2172,2045,1019,886,916,524,9808,106,4798,2163,1634,724,298,189,2787,769,5191,35.7,33.7,2708,0.006897063,13827,13141,0.058625037,0.027180362,0.082356867,0.03689558,0.001779887,0.0113097,0.774955503,555,1354,1384955,$8331293,86,2
98801,Wenatchee,Chelan,Southeast Region,$111907,$171427.26,40977,$2.73,$6685663,36.8,800,2285,2485,3093,1587,1292,1842,1390,15654,514,8738,3005,1909,1129,481,388,5836,2504,7674,38.3,35.4,5388,0.007760451,20779,20198,0.010103229,0.002904068,0.27412939,0.017009542,0.001391024,0.001464236,0.68523806,879,1713,575880,$4364366,214,5
98802,East Wenatchee,Douglas,Southeast Region,$66194,$115128.68,28719,$2.30,$4605147,37.3,379,1600,1843,2158,1051,936,1352,998,10565,292,5555,2101,1528,819,350,211,3856,1423,6049,38.4,36.1,2783,0.007277412,14606,14113,0.008252376,0.002089209,0.231623664,0.017305616,0.001427626,0.001636547,0.730387548,525,1208,335238,$2647751,85,2
98812,Brewster,Okanogan,Northeast Region,$6218,$10541.07,4899,$1.27,$263527,31.2,79,234,283,318,138,128,206,108,1532,36,680,257,249,185,87,73,536,175,874,32.4,30.5,373,0.042457644,2376,2523,0.002245356,0.00183711,0.563380282,0.007144315,0.000408247,0.001632986,0.38089406,98,187,17320,$155441,34,1
98813,Bridgeport,Douglas,Northeast Region,,,3176,,,27.5,59,170,193,170,95,63,108,58,934,16,365,161,138,132,70,68,288,91,556,28.1,27.1,213,0.006612091,1528,1648,0.004722922,0.001889169,0.70686398,0.011649874,0.001574307,0.000314861,0.266372796,60,105,,,,1
98814,Carlton,"",Northeast Region,$13183,$21416.71,466,$28.29,$149917,55.9,1,13,19,46,35,44,42,28,222,4,164,38,15,1,4,0,124,29,136,55.3,56.5,65,0.004291845,241,225,0.006437768,0,0.027896996,0.010729614,0,0,0.950643777,12,9,13289,$92281,27,1
98815,Cashmere,Chelan,Southeast Region,$31019,$53080.68,7233,$4.29,$1857824,39.3,93,332,428,615,249,229,343,214,2639,74,1394,531,364,206,87,56,990,392,1529,40.7,37.8,759,0.003871146,3627,3606,0.00608323,0.001382552,0.253974838,0.013410756,0.000967787,0.00027651,0.720033181,119,232,149975,$1085648,78,1
98821,Dryden,"",Southeast Region,$2622,$4124.08,519,$5.05,$115474,37.1,10,23,40,49,24,18,22,14,199,2,115,32,28,7,12,5,58,14,106,35.8,37.8,68,0.007707129,251,268,0,0,0.437379576,0.007707129,0,0,0.547206166,14,11,9295,$73420,18,2
98823,Ephrata,Grant,Southeast Region,$53933,$82541.47,11055,$4.88,$3136576,35.6,192,595,681,808,398,325,475,348,4000,106,2166,735,542,306,162,87,1414,569,2201,36.8,34.5,1170,0.008412483,5486,5569,0.010221619,0.00624152,0.176028946,0.017729534,0.000452284,0.000995025,0.779918589,182,447,280683,$2049458,153,2
98837,Moses Lake,Grant,Southeast Region,$125343,$188764.13,39722,$3.16,$7173037,33.1,850,2337,2601,2831,1315,1153,1613,1112,14135,278,7185,2801,1962,1204,580,402,4612,1622,7324,34,32.1,4154,0.008408439,19798,19924,0.012587483,0.013745531,0.265998691,0.021700821,0.001233573,0.000881124,0.675444338,857,1800,596206,$4763041,168,4
98840,Okanogan,Okanogan,Northeast Region,$13689,$25220.20,4851,$2.82,$1008808,40.6,79,240,291,384,202,199,287,166,1901,34,1109,406,220,95,44,27,762,255,905,41.7,39.7,636,0.065347351,2387,2464,0.003298289,0.00267986,0.153370439,0.026798598,0.000824572,0.001443001,0.746237889,130,230,67529,$547573,65,2
98841,Omak,Okanogan,Northeast Region,$52780,$94865.21,9197,$5.74,$2845956,39.4,159,458,529,678,389,346,547,362,3618,96,2095,673,438,244,86,82,1532,563,1641,40.7,38.2,1204,0.196694574,4719,4478,0.006958791,0.004349244,0.120582799,0.030118517,0.000761118,0.000326193,0.640208764,265,508,306799,$1583390,127,2
98847,Peshastin,"",Southeast Region,$13731,$22399.65,1920,$7.15,$201597,41.6,31,88,103,173,96,76,102,64,744,16,429,134,93,47,25,16,280,84,404,41,42.4,232,0.003645833,944,976,0.003125,0.002083333,0.228125,0.016666667,0,0.002604167,0.74375,44,64,20642,$123577,31,1
98848,George,Grant,Southeast Region,$22014,$34505.48,11518,$1.91,$1104175,29.4,189,635,700,708,291,277,375,276,3537,90,1535,593,536,429,232,208,1144,429,2082,30,28.9,746,0.004254211,5567,5951,0.005730161,0.001215489,0.619204723,0.008421601,0.000781386,0.000173641,0.360218788,279,430,90629,$704462,102,4
98851,Soap Lake,Grant,Northeast Region,,,4014,,,47,73,147,210,324,181,205,319,230,1726,46,1147,278,149,84,26,42,838,291,825,48.3,46.2,676,0.012456403,1992,2022,0.004235177,0.00772297,0.101395117,0.020179372,0.000498256,0.000249128,0.853263577,69,156,,,,1
98862,Winthrop,"",Northeast Region,$11724,$19224.76,2218,$5.29,$768990,52.1,23,81,143,214,167,154,188,52,1074,18,779,176,81,33,2,3,473,111,592,51.7,52.6,394,0.009017133,1095,1123,0.006762849,0.00135257,0.024797115,0.012173129,0.000450857,0,0.945446348,24,64,58059,$468974,34,1
98901,Yakima,Yakima,Southeast Region,$175334,$281486.43,30169,$5.81,$5066756,31.8,534,1635,1898,1994,926,763,1150,674,9735,154,4561,1903,1414,920,473,455,3075,998,4545,32.1,31.5,2944,0.018064901,14438,15731,0.006264709,0.018396367,0.499121615,0.016473864,0.001690477,0.000497199,0.439490868,716,1530,599704,$3156005,218,5
98902,Yakima,Yakima,Southeast Region,$31834,$45691.05,46322,$0.69,$502602,31.4,1141,3194,2963,3110,1477,1263,1665,948,16839,436,8716,3298,2188,1377,707,546,5428,2221,6623,32.6,30.3,6168,0.013859505,23917,22405,0.009908899,0.012888045,0.438474159,0.023228703,0.001360045,0.000561288,0.499719356,1133,2915,60447,$350170,38,2
98903,Union Gap,Yakima,Southeast Region,$217295,$396104.20,14517,$14.97,$15844168,39.2,171,722,828,1113,502,548,785,566,5353,146,2857,1069,737,370,164,156,2185,767,2831,40.2,38.2,1540,0.018047806,7213,7304,0.011572639,0.003788662,0.272783633,0.021560929,0.000826617,0.000619963,0.670799752,333,649,1574048,$8691797,161,4
98908,Yakima,Yakima,Southeast Region,$40393,$67454.15,35240,$1.15,$539633,41.2,501,1876,2133,2772,1447,1404,1948,1412,14064,406,8221,2703,1783,817,336,202,5734,2194,7860,42.5,39.9,4214,0.008711691,18219,17021,0.021197503,0.007661748,0.161748014,0.019211124,0.00099319,0.000794552,0.779682179,609,1381,52382,$323146,46,1
98922,Cle Elum,Kittitas,Southeast Region,$45812,$69766.42,5468,$8.38,$976730,49.1,58,189,354,552,272,292,444,204,2425,52,1601,436,245,89,35,19,1088,307,1309,49.2,49,821,0.011887345,2614,2854,0.008961229,0.00329188,0.030541331,0.022128749,0.001280176,0.000182882,0.921726408,114,181,101424,$641367,95,3
98926,Ellensburg,Kittitas,Southeast Region,$135313,$228395.78,30239,$4.47,$8907435,26.8,2608,1877,1490,1835,987,872,1166,624,11887,216,6430,2698,1772,650,225,108,3322,1152,4983,28,26,5681,0.00816826,14990,15249,0.023512682,0.009987103,0.082641622,0.024769338,0.001091306,0.001785773,0.848043917,392,831,908484,$5277220,216,4
98941,Roslyn,Kittitas,Southeast Region,$15413,$24596.28,919,$16.77,$344348,43.8,10,67,78,107,49,37,55,26,451,8,296,105,27,19,1,3,148,49,179,44.9,42.7,221,0.009793254,436,483,0.005440696,0.004352557,0.026115343,0.022850925,0,0,0.931447225,13,38,29695,$215776,67,1
98944,Sunnyside,Yakima,Southeast Region,$102,$298.18,22014,$0.00,$298,26.6,396,1269,1258,1144,465,395,613,386,6124,130,2216,976,1037,916,453,524,1854,712,3294,27.7,25.6,1233,0.004815118,10845,11169,0.005496502,0.001953302,0.766784773,0.006087036,0.001544472,0.000408831,0.212909966,515,1082,33,$102,3,1
99001,Airway Heights,Spokane,Northeast Region,$57998,$76366.10,6151,$9.43,$1450956,34.5,114,377,290,305,163,110,124,72,1561,20,798,379,236,98,36,14,359,95,680,32.1,35.2,517,0.035441392,1990,4161,0.03414079,0.070557633,0.082588197,0.036904568,0.001950902,0.008941636,0.729474882,106,258,149056,$1101963,127,2
99004,Cheney,Spokane,Northeast Region,$61688,$92796.89,18376,$3.36,$1113563,25.5,1659,1012,903,1135,548,521,702,376,6933,80,3673,1618,1050,381,131,74,1829,533,3050,25.8,25.3,2984,0.011047018,9300,9076,0.026774053,0.023508925,0.068676535,0.03373966,0.001142795,0.002503265,0.832607749,270,629,127379,$740262,88,1
99019,Liberty Lake,Spokane,Northeast Region,,,9502,,,38,104,521,778,809,362,337,426,214,3640,48,1982,677,602,235,84,53,1141,333,2177,38.6,37.1,1066,0.00420964,4888,4614,0.028941276,0.005577773,0.029888445,0.022942538,0.001368133,0.001683856,0.905388339,118,279,,,,1
99025,Newman Lake,"",Northeast Region,,,5232,,,42,12,140,361,587,269,191,197,72,1834,18,911,377,309,141,54,42,557,110,1278,42.6,41.5,323,0.010512232,2561,2671,0.008218654,0.003249235,0.033448012,0.022362385,0.002102446,0.000573394,0.919533639,83,150,,,,1
99027,Otis Orchards,"",Northeast Region,$141036,$205742.17,6101,$23.12,$2880390,45.1,34,238,347,585,299,291,373,208,2405,30,1367,511,295,134,60,38,986,287,1420,45.5,44.7,670,0.011801344,3053,3048,0.011145714,0.001802983,0.035404032,0.02147189,0.00131126,0,0.917062777,110,205,251166,$1974505,94,1
99032,Sprague,Lincoln,Southeast Region,$14615,$21092.60,691,$21.15,$253111,48.1,8,30,30,71,32,34,52,24,298,10,195,56,21,14,6,6,140,44,158,48.3,47.8,101,0.013024602,332,359,0.010130246,0.001447178,0.02894356,0.020260492,0,0,0.926193922,13,26,25673,$175385,29,2
99109,Chewelah,Stevens,Southern Olympics,$20893,$32769.26,5109,$4.09,$655385,47.3,52,223,267,407,243,231,397,202,2144,60,1391,352,210,109,56,26,1012,359,1151,48.4,45.8,699,0.012722646,2613,2496,0.004110393,0.002544529,0.0207477,0.028968487,0.0011743980000000001,0.000391466,0.92934038,84,210,68183,$417863,42,1
99110,Clayton,"",Northeast Region,$27771,$44864.57,1667,$16.66,$1749718,35.2,20,95,90,114,50,53,93,48,567,4,279,109,86,43,26,24,221,64,341,36.4,34.8,141,0.014397121,824,843,0.00419916,0.0029994,0.022195561,0.029994001,0,0.00239952,0.923815237,38,47,127958,$1083059,74,1
99114,Colville,Stevens,Northeast Region,$42084,$67909.90,12018,$3.50,$2376846,46.8,141,451,673,1093,629,600,810,474,5010,118,3223,841,520,250,98,77,2194,697,2664,47.4,46,1678,0.016475287,6231,5787,0.005824596,0.001331336,0.026543518,0.026044267,0.001747379,0.00166417,0.920369446,212,456,217675,$1472944,66,4
99122,Davenport,Lincoln,Northeast Region,,,3773,,,45.5,39,165,190,322,167,175,255,176,1524,34,1008,221,156,64,35,40,679,232,874,46.4,44.8,454,0.014047177,1894,1879,0.00238537,0.002120329,0.024118738,0.018287835,0.000795123,0.000265041,0.937980387,61,135,,,,2
99133,Grand Coulee,Grant,Northeast Region,$8419,$20742.56,1493,$5.64,$477079,50,22,83,72,141,96,82,122,68,719,14,521,105,55,23,8,7,325,112,313,51.4,48.7,312,0.105827194,752,741,0.007367716,0.008037508,0.066979236,0.032150033,0,0,0.779638312,33,61,48328,$193627,43,1
99139,Ione,"",Northeast Region,$11008,$17063.79,1301,$8.46,$221829,48.7,9,49,69,116,77,66,104,50,561,6,363,99,56,30,8,5,267,83,312,48.8,48.7,182,0.013066872,649,652,0.002305919,0,0.04765565,0.01614143,0.001537279,0,0.919292852,25,42,17817,$143106,31,1
99141,Kettle Falls,Stevens,Northeast Region,$29403,$45482.50,5240,$5.61,$1182545,48.8,65,180,297,470,301,277,406,246,2285,56,1500,401,217,103,48,16,1039,320,1234,49,48.6,764,0.020419847,2585,2655,0.007251908,0.001526718,0.022519084,0.032633588,0.001717557,0.001526718,0.91240458,106,181,113075,$764487,74,2
99156,Newport,Pend Oreille,Northeast Region,,,8114,,,47.3,114,294,434,698,435,413,606,292,3409,50,2193,593,335,170,60,56,1549,470,1740,47.7,46.7,1167,0.017377372,4037,4077,0.006285433,0.004683263,0.03167365,0.024525511,0.001232438,0.001602169,0.912620163,161,341,,,,1
99163,Pullman,Whitman,Southeast Region,$225084,$361767.25,31404,$7.17,$13385388,22.5,4421,2672,1260,1210,541,460,520,330,11679,150,6065,3056,1610,659,186,87,1714,650,3557,22.4,22.5,7314,0.005859126,15296,16108,0.106642466,0.021685136,0.053114253,0.037542988,0.001146351,0.002706662,0.771303019,255,553,1227262,$8328110,236,9
99169,Ritzville,Adams,Southeast Region,$41257,$64784.54,2459,$16.78,$1036553,47.6,38,104,131,224,106,119,183,122,1068,26,736,144,108,45,20,15,485,183,558,49.4,45.3,388,0.008540057,1226,1233,0.004066694,0.000813339,0.050833672,0.012606751,0,0,0.923139488,45,77,95907,$660115,111,2
99180,Usk,"",Northeast Region,,,939,,,49.5,5,24,40,85,59,56,78,38,392,6,258,69,21,31,6,7,193,52,215,48.8,51.1,121,0.09371672,466,473,0.005324814,0.003194888,0.018104366,0.024494143,0,0.001064963,0.854100106,20,36,,,,1
99181,Valley,,,,,1901,,,45.1,16,75,94,164,82,102,150,54,751,16,462,127,71,43,28,20,344,82,418,45.3,44.9,234,0.018411362,917,984,0.002630195,0.005260389,0.021041557,0.038926881,0.001578117,0.003156234,0.908995266,34,65,,,,1
99201,Spokane,Spokane,Northeast Region,$157249,$213608.34,13342,$11.79,$4272167,36.5,753,1379,1016,1315,655,554,623,196,6804,56,4867,1215,384,198,73,67,1795,547,1151,35.8,37,4686,0.039124569,6248,7094,0.016489282,0.038749813,0.06026083,0.04796882,0.002173587,0.003222905,0.792010193,271,696,491941,$3144985,159,2
99202,Spokane,Spokane,Northeast Region,$189953,$323583.85,21580,$8.80,$12619770,27.9,795,1460,1222,1355,638,571,649,270,7426,136,4193,1551,878,419,193,178,2150,811,2179,27.9,28.1,3648,0.017284523,10884,10696,0.039990732,0.042632067,0.058063021,0.050695088,0.00115848,0.005931418,0.784244671,456,1143,1102385,$7408173,209,6
99205,Spokane,Spokane,Northeast Region,$58365,$86633.77,42137,$1.39,$1386140,35.2,924,3578,3015,3430,1722,1354,1690,1256,17637,464,10109,3897,2186,914,357,168,5396,2125,7053,36.9,33.7,6978,0.016232765,21682,20455,0.01393075,0.014808838,0.047131974,0.036713577,0.001708712,0.002610532,0.866862852,1023,2583,149629,$933834,94,1
99206,Millwood,Spokane,Northeast Region,$869500,$1240353.03,34802,$24.98,$48373768,37.6,710,2201,2309,2936,1372,1267,1611,1000,13775,302,7695,2891,1860,820,328,180,4608,1551,6671,39.2,36.1,4618,0.010660307,17626,17176,0.013562439,0.010056893,0.045801965,0.025889317,0.001178093,0.003218206,0.88963278,764,1722,3520311,$33910508,295,5
99207,Otis Orchards,"",Northeast Region,$58762,$80187.00,30854,$1.90,$882057,30.9,1115,2604,2050,2336,1071,876,963,640,12181,230,6395,2805,1521,815,350,272,3333,1300,3919,31.8,30.1,5146,0.027808388,15596,15258,0.027289817,0.029039995,0.061483114,0.049296688,0.001069553,0.011635444,0.792377001,899,2217,102454,$646379,44,2
99208,Spokane,Spokane,Northeast Region,$538759,$755160.98,49193,$10.95,$27185795,38.5,1201,2823,3199,3681,2035,1745,2384,1732,19481,414,11121,3782,2712,1162,470,230,6984,2627,10316,39.7,37,6339,0.011627671,25523,23670,0.023397638,0.012501779,0.046998557,0.027951131,0.001138373,0.006545647,0.869839205,792,2034,2692465,$19395307,341,5
99216,Spokane Valley,Spokane,Northeast Region,$211566,$312534.15,24362,$8.68,$10938695,35.4,824,1813,1596,1838,864,738,998,718,10144,284,5843,2171,1224,566,214,124,3409,1582,4266,37.1,33.7,4030,0.009605123,12644,11718,0.016049585,0.013012068,0.051268369,0.027132419,0.000861998,0.002093424,0.879977013,532,1316,834497,$7404796,106,1
99217,Spokane,Spokane,Northeast Region,$104868,$138066.85,17423,$6.02,$5246540,35.1,522,1229,1105,1418,669,547,752,472,6842,148,3731,1475,874,412,206,141,2109,694,3197,35.6,34.6,2423,0.015898525,8809,8614,0.040004592,0.016070711,0.048154738,0.037077426,0.000803536,0.003443724,0.838546749,385,837,555056,$3984966,158,3
99218,Spokane,Spokane,Northeast Region,$425831,$576413.95,15531,$27.42,$23056558,32.9,534,725,859,1047,473,475,592,490,5645,162,3271,1059,720,349,151,85,2136,1010,2687,35,30.6,2004,0.014744704,8289,7242,0.019444981,0.012104823,0.03992016,0.030583993,0.001287747,0.009915653,0.87199794,248,706,1812832,$17033235,272,4
99223,Spokane,Spokane,Northeast Region,$144615,$191043.83,29273,$4.94,$2292526,40.7,587,1679,1868,2453,1255,1213,1402,982,12276,430,7413,2299,1558,656,233,114,4709,1984,6351,42.6,38.7,4380,0.007139685,15188,14085,0.028353773,0.018310388,0.036962389,0.030061832,0.001024835,0.002083832,0.876063266,434,1111,256787,$1735377,104,1
99224,Airway Heights,Spokane,Northeast Region,$154977,$230725.48,18289,$8.47,$8075392,39.1,670,1206,1209,1577,826,728,862,530,7706,144,4575,1659,906,365,132,69,2431,723,3906,40,38.1,2913,0.016020559,9071,9218,0.020832194,0.014872328,0.038821149,0.031603696,0.001366942,0.002132429,0.874350703,280,607,731589,$5424201,163,2
99301,Pasco,Franklin,Southeast Region,$5316,$8829.44,68191,$0.08,$105953,28.1,1377,4878,4422,3812,1819,1362,1716,1084,20738,304,8219,3992,3570,2481,1288,1184,5159,1658,11892,28.4,27.8,4588,0.003900808,33592,34599,0.01784693,0.015588567,0.519716678,0.014371398,0.001202505,0.001055858,0.426317256,1405,2853,7585,$63786,9,4
99336,Kennewick,Benton,Southeast Region,,,48753,,,30.3,1644,3925,3160,3444,1570,1256,1659,1010,18372,356,9748,3810,2428,1252,627,502,5061,1906,7596,31,29.7,6846,0.006502164,24306,24447,0.023239596,0.018439891,0.302073719,0.022337087,0.001805017,0.00157939,0.624023137,1168,2762,,,,3
99337,Kennewick,Benton,Southeast Region,$366031,$577005.00,29845,$12.26,$9809085,37.8,253,1414,1842,2409,1202,1054,1276,800,10451,224,5215,2019,1675,891,394,255,3697,1189,6468,38.8,36.7,2367,0.008477132,14854,14991,0.014675825,0.007438432,0.160127325,0.019266209,0.001407271,0.001440777,0.78716703,582,1034,908050,$6222519,71,1
99350,Prosser,Benton,Southeast Region,$141488,$269545.99,12979,$10.90,$10781840,33.1,141,644,812,912,458,319,493,336,4240,74,2009,711,635,442,240,200,1412,536,2475,33.9,32.5,1037,0.00562447,6441,6538,0.011171893,0.002927806,0.419215656,0.012404654,0.001772093,0.000385238,0.546498189,256,472,803464,$5659522,197,3
99352,Richland,Benton,Southeast Region,,,26975,,,40,439,1564,1842,2356,1180,1079,1309,838,10958,218,6429,2091,1439,640,244,115,3839,1315,6051,40.6,39.4,3543,0.006672845,13780,13195,0.04300278,0.012011121,0.078146432,0.023466172,0.001186284,0.001223355,0.83429101,429,935,,,,3
99353,West Richland,Benton,Southeast Region,,,13306,,,36.7,117,702,1006,1190,561,409,470,264,4718,52,2282,972,848,388,144,83,1281,330,3115,37.4,36,1012,0.011047648,6577,6729,0.018638208,0.007515407,0.0683902,0.023823839,0.000601233,0.001503081,0.868480385,195,396,,,,1
99354,Richland,,,,,21343,,,38.7,451,1488,1312,1820,906,733,1065,798,8840,222,5318,1691,1044,476,194,117,3095,1168,4202,40.3,36.9,3203,0.007590311,10848,10495,0.051492293,0.01466523,0.076605913,0.021271611,0.001593028,0.000796514,0.825985101,399,1036,,,,1
99362,Walla Walla,Walla Walla,Southeast Region,$207399,$332544.21,41056,$5.05,$8646150,36.52935503,869,2083,2252,2912,1506,1387,1762,1414,15013,512,8804,2656,1824,990,436,290,5780,2432,7324,38.32647147,35.13228802,5412,0.00813523,19946,21110,0.013201481,0.020240647,0.200263055,0.021141855,0.001071707,0.003093336,0.732852689,673,1604,801601,$5392372,126,4
99403,Clarkston,Asotin,Southeast Region,$218697,$342749.41,19548,$11.19,$9939733,43.2,426,1094,1130,1590,862,774,1314,882,8392,178,5240,1634,888,396,149,85,3482,1324,3905,44.3,42,3087,0.012533251,10097,9451,0.005473706,0.003939022,0.030898302,0.020667076,0.000562717,0.001227747,0.924698179,366,1034,986766,$6342219,203,3
